{"epoch":13.95381984036488,"_wandb":{"runtime":44460},"val/acc_pa":0.38563049853372433,"train/learning_rate":0.00010829810606614916,"train/cds_loss":1.3532893657684326,"_step":18350,"epoch_complete":13,"val/acc_org":0.40689149560117305,"val/best_loss":1.2223554014110845,"val/loss":1.2233822108888206,"_timestamp":1.7786846464835234e+09,"val/acc_cds":0.5411009313948343,"train/total_loss":1.508103847503662,"train/pa_loss":1.2851240634918213,"_runtime":44460,"train/org_loss":0.26302066445350647}